ID,SEASON,CITY,CITY_Corrrected,TEAM1,TEAM1_MODEL,TEAM2,TEAM2_MODEL,TOSS_WINNER,TOSS_DECISION,RESULT,WINNER,WIN_BY_RUNS
1,2017,Hyderabad,SRH,SRH,1,RCB,0,RCB,field,normal,SRH,35
2,2017,Pune,RPS,MI,1,RPS,0,RPS,field,normal,RPS,0
3,2017,Rajkot,GL,GL,1,KKR,0,KKR,field,normal,KKR,0
4,2017,Indore,Indore,RPS,1,KXIP,0,KXIP,field,normal,KXIP,0
5,2017,Bangalore,RCB,RCB,1,DD,0,RCB,bat,normal,RCB,15
6,2017,Hyderabad,SRH,GL,1,SRH,0,SRH,field,normal,SRH,0
7,2017,Mumbai,MI,KKR,1,MI,0,MI,field,normal,MI,0
8,2017,Indore,Indore,RCB,1,KXIP,0,RCB,bat,normal,KXIP,0
9,2017,Pune,RPS,DD,1,RPS,0,RPS,field,normal,DD,97
10,2017,Mumbai,MI,SRH,1,MI,0,MI,field,normal,MI,0
11,2017,Kolkata,KKR,KXIP,1,KKR,0,KKR,field,normal,KKR,0
12,2017,Bangalore,RCB,RCB,1,MI,0,MI,field,normal,MI,0
13,2017,Rajkot,GL,RPS,1,GL,0,GL,field,normal,GL,0
14,2017,Kolkata,KKR,KKR,1,SRH,0,SRH,field,normal,KKR,17
15,2017,Delhi,DD,DD,1,KXIP,0,DD,bat,normal,DD,51
16,2017,Mumbai,MI,GL,1,MI,0,MI,field,normal,MI,0
17,2017,Bangalore,RCB,RPS,1,RCB,0,RCB,field,normal,RPS,27
18,2017,Delhi,DD,DD,1,KKR,0,DD,bat,normal,KKR,0
19,2017,Hyderabad,SRH,SRH,1,KXIP,0,KXIP,field,normal,SRH,5
20,2017,Rajkot,GL,RCB,1,GL,0,GL,field,normal,RCB,21
21,2017,Hyderabad,SRH,SRH,1,DD,0,SRH,bat,normal,SRH,15
22,2017,Indore,Indore,KXIP,1,MI,0,MI,field,normal,MI,0
23,2017,Kolkata,KKR,KKR,1,GL,0,GL,field,normal,GL,0
24,2017,Mumbai,MI,MI,1,DD,0,DD,field,normal,MI,14
25,2017,Pune,RPS,SRH,1,RPS,0,RPS,field,normal,RPS,0
26,2017,Rajkot,GL,KXIP,1,GL,0,GL,field,normal,KXIP,26
27,2017,Kolkata,KKR,KKR,1,RCB,0,RCB,field,normal,KKR,82
28,2017,Mumbai,MI,RPS,1,MI,0,MI,field,normal,RPS,3
29,2017,Pune,RPS,RPS,1,KKR,0,KKR,field,normal,KKR,0
30,2017,Bangalore,RCB,RCB,1,GL,0,GL,field,normal,GL,0
31,2017,Kolkata,KKR,DD,1,KKR,0,KKR,field,normal,KKR,0
32,2017,Chandigarh,KXIP,SRH,1,KXIP,0,KXIP,field,normal,SRH,26
33,2017,Pune,RPS,RPS,1,RCB,0,RCB,field,normal,RPS,61
34,2017,Rajkot,GL,GL,1,MI,0,GL,bat,tie,MI,0
35,2017,Chandigarh,KXIP,DD,1,KXIP,0,KXIP,field,normal,KXIP,0
36,2017,Hyderabad,SRH,SRH,1,KKR,0,KKR,field,normal,SRH,48
37,2017,Mumbai,MI,RCB,1,MI,0,RCB,bat,normal,MI,0
38,2017,Pune,RPS,GL,1,RPS,0,RPS,field,normal,RPS,0
39,2017,Delhi,DD,SRH,1,DD,0,DD,field,normal,DD,0
40,2017,Kolkata,KKR,KKR,1,RPS,0,RPS,field,normal,RPS,0
41,2017,Delhi,DD,GL,1,DD,0,DD,field,normal,DD,0
42,2017,Bangalore,RCB,KXIP,1,RCB,0,RCB,field,normal,KXIP,19
43,2017,Hyderabad,SRH,RPS,1,SRH,0,SRH,field,normal,RPS,12
44,2017,Delhi,DD,MI,1,DD,0,DD,field,normal,MI,146
45,2017,Bangalore,RCB,RCB,1,KKR,0,KKR,field,normal,KKR,0
46,2017,Chandigarh,KXIP,KXIP,1,GL,0,GL,field,normal,GL,0
47,2017,Hyderabad,SRH,MI,1,SRH,0,MI,bat,normal,SRH,0
48,2017,Chandigarh,KXIP,KXIP,1,KKR,0,KKR,field,normal,KXIP,14
49,2017,Kanpur,Kanpur,GL,1,DD,0,DD,field,normal,DD,0
50,2017,Mumbai,MI,KXIP,1,MI,0,MI,field,normal,KXIP,7
51,2017,Delhi,DD,DD,1,RPS,0,DD,bat,normal,DD,7
52,2017,Kanpur,Kanpur,GL,1,SRH,0,SRH,field,normal,SRH,0
53,2017,Kolkata,KKR,MI,1,KKR,0,KKR,field,normal,MI,9
54,2017,Pune,RPS,KXIP,1,RPS,0,RPS,field,normal,RPS,0
55,2017,Delhi,DD,RCB,1,DD,0,RCB,bat,normal,RCB,10
56,2017,Mumbai,MI,RPS,1,MI,0,MI,field,normal,RPS,20
57,2017,Bangalore,RCB,SRH,1,KKR,0,KKR,field,normal,KKR,0
58,2017,Bangalore,RCB,KKR,1,MI,0,MI,field,normal,MI,0
59,2017,Hyderabad,SRH,MI,1,RPS,0,MI,bat,normal,MI,1
60,2008,Bangalore,RCB,KKR,1,RCB,0,RCB,field,normal,KKR,140
61,2008,Chandigarh,KXIP,CSK,1,KXIP,0,CSK,bat,normal,CSK,33
62,2008,Delhi,DD,RR,1,DD,0,RR,bat,normal,DD,0
63,2008,Mumbai,MI,MI,1,RCB,0,MI,bat,normal,RCB,0
64,2008,Kolkata,KKR,DC,1,KKR,0,DC,bat,normal,KKR,0
65,2008,Jaipur,RR,KXIP,1,RR,0,KXIP,bat,normal,RR,0
66,2008,Hyderabad,SRH,DC,1,DD,0,DC,bat,normal,DD,0
67,2008,Chennai,CSK,CSK,1,MI,0,MI,field,normal,CSK,6
68,2008,Hyderabad,SRH,DC,1,RR,0,RR,field,normal,RR,0
69,2008,Chandigarh,KXIP,KXIP,1,MI,0,MI,field,normal,KXIP,66
70,2008,Bangalore,RCB,RCB,1,RR,0,RR,field,normal,RR,0
71,2008,Chennai,CSK,KKR,1,CSK,0,KKR,bat,normal,CSK,0
72,2008,Mumbai,MI,MI,1,DC,0,DC,field,normal,DC,0
73,2008,Chandigarh,KXIP,DD,1,KXIP,0,DD,bat,normal,KXIP,0
74,2008,Bangalore,RCB,CSK,1,RCB,0,CSK,bat,normal,CSK,13
75,2008,Kolkata,KKR,KKR,1,MI,0,KKR,bat,normal,MI,0
76,2008,Delhi,DD,DD,1,RCB,0,RCB,field,normal,DD,10
77,2008,Hyderabad,SRH,DC,1,KXIP,0,KXIP,field,normal,KXIP,0
78,2008,Jaipur,RR,RR,1,KKR,0,RR,bat,normal,RR,45
79,2008,Chennai,CSK,CSK,1,DD,0,CSK,bat,normal,DD,0
80,2008,Hyderabad,SRH,DC,1,RCB,0,DC,bat,normal,RCB,0
81,2008,Chandigarh,KXIP,KXIP,1,KKR,0,KXIP,bat,normal,KXIP,9
82,2008,Mumbai,MI,MI,1,DD,0,DD,field,normal,MI,29
83,2008,Jaipur,RR,CSK,1,RR,0,CSK,bat,normal,RR,0
84,2008,Bangalore,RCB,RCB,1,KXIP,0,KXIP,field,normal,KXIP,0
85,2008,Chennai,CSK,CSK,1,DC,0,DC,field,normal,DC,0
86,2008,Mumbai,MI,RR,1,MI,0,MI,field,normal,MI,0
87,2008,Delhi,DD,DD,1,CSK,0,CSK,field,normal,CSK,0
88,2008,Kolkata,KKR,KKR,1,RCB,0,KKR,bat,normal,KKR,5
89,2008,Jaipur,RR,DC,1,RR,0,RR,field,normal,RR,0
90,2008,Bangalore,RCB,RCB,1,MI,0,MI,field,normal,MI,0
91,2008,Chennai,CSK,CSK,1,KXIP,0,KXIP,field,normal,CSK,18
92,2008,Hyderabad,SRH,KKR,1,DC,0,KKR,bat,normal,KKR,23
93,2008,Jaipur,RR,DD,1,RR,0,RR,field,normal,RR,0
94,2008,Chandigarh,KXIP,RCB,1,KXIP,0,RCB,bat,normal,KXIP,0
95,2008,Kolkata,KKR,KKR,1,DD,0,KKR,bat,normal,KKR,23
96,2008,Mumbai,MI,CSK,1,MI,0,MI,field,normal,MI,0
97,2008,Chandigarh,KXIP,KXIP,1,RR,0,RR,field,normal,KXIP,41
98,2008,Delhi,DD,DD,1,DC,0,DC,field,normal,DD,12
99,2008,Mumbai,MI,KKR,1,MI,0,MI,field,normal,MI,0
100,2008,Delhi,DD,DD,1,KXIP,0,DD,bat,normal,KXIP,6
101,2008,Jaipur,RR,RR,1,RCB,0,RCB,field,normal,RR,65
102,2008,Hyderabad,SRH,MI,1,DC,0,DC,field,normal,MI,25
103,2008,Kolkata,KKR,KKR,1,CSK,0,KKR,bat,normal,CSK,3
104,2008,Bangalore,RCB,RCB,1,DD,0,DD,field,normal,DD,0
105,2008,Kolkata,KKR,KKR,1,RR,0,RR,field,normal,RR,0
106,2008,Mumbai,MI,KXIP,1,MI,0,MI,field,normal,KXIP,1
107,2008,Chennai,CSK,RCB,1,CSK,0,RCB,bat,normal,RCB,14
108,2008,Chandigarh,KXIP,DC,1,KXIP,0,KXIP,field,normal,KXIP,0
109,2008,Delhi,DD,MI,1,DD,0,DD,field,normal,DD,0
110,2008,Chennai,CSK,RR,1,CSK,0,RR,bat,normal,RR,10
111,2008,Bangalore,RCB,RCB,1,DC,0,DC,field,normal,RCB,3
112,2008,Kolkata,KKR,KXIP,1,KKR,0,KXIP,bat,normal,KKR,0
113,2008,Jaipur,RR,MI,1,RR,0,RR,field,normal,RR,0
114,2008,Hyderabad,SRH,DC,1,CSK,0,DC,bat,normal,CSK,0
115,2008,Mumbai,MI,RR,1,DD,0,DD,field,normal,RR,105
116,2008,Mumbai,MI,KXIP,1,CSK,0,KXIP,bat,normal,CSK,0
117,2008,Mumbai,MI,CSK,1,RR,0,RR,field,normal,RR,0
118,2009,Cape Town,Cape Town,MI,1,CSK,0,CSK,field,normal,MI,19
119,2009,Cape Town,Cape Town,RCB,1,RR,0,RCB,bat,normal,RCB,75
120,2009,Cape Town,Cape Town,KXIP,1,DD,0,DD,field,normal,DD,0
121,2009,Cape Town,Cape Town,KKR,1,DC,0,KKR,bat,normal,DC,0
122,2009,Port Elizabeth,Port Elizabeth,CSK,1,RCB,0,CSK,bat,normal,CSK,92
123,2009,Durban,Durban,KXIP,1,KKR,0,KKR,field,normal,KKR,11
124,2009,Cape Town,Cape Town,DC,1,RCB,0,DC,bat,normal,DC,24
125,2009,Durban,Durban,DD,1,CSK,0,DD,bat,normal,DD,9
126,2009,Cape Town,Cape Town,RR,1,KKR,0,KKR,field,tie,RR,0
127,2009,Durban,Durban,RCB,1,KXIP,0,RCB,bat,normal,KXIP,0
128,2009,Durban,Durban,DC,1,MI,0,DC,bat,normal,DC,12
129,2009,Port Elizabeth,Port Elizabeth,RCB,1,DD,0,RCB,bat,normal,DD,0
130,2009,Cape Town,Cape Town,KXIP,1,RR,0,KXIP,bat,normal,KXIP,27
131,2009,Durban,Durban,CSK,1,DC,0,DC,field,normal,DC,0
132,2009,Port Elizabeth,Port Elizabeth,MI,1,KKR,0,MI,bat,normal,MI,92
133,2009,Centurion,Centurion,DD,1,RR,0,DD,bat,normal,RR,0
134,2009,Durban,Durban,KKR,1,RCB,0,KKR,bat,normal,RCB,0
135,2009,Durban,Durban,KXIP,1,MI,0,KXIP,bat,normal,KXIP,3
136,2009,Centurion,Centurion,DC,1,DD,0,DD,field,normal,DD,0
137,2009,Centurion,Centurion,CSK,1,RR,0,RR,field,normal,CSK,38
138,2009,East London,East London,MI,1,KKR,0,MI,bat,normal,MI,9
139,2009,Durban,Durban,RCB,1,KXIP,0,RCB,bat,normal,RCB,8
140,2009,Port Elizabeth,Port Elizabeth,DC,1,RR,0,DC,bat,normal,RR,0
141,2009,Johannesburg,Johannesburg,CSK,1,DD,0,DD,field,normal,CSK,18
142,2009,Port Elizabeth,Port Elizabeth,KKR,1,KXIP,0,KKR,bat,normal,KXIP,0
143,2009,Johannesburg,Johannesburg,MI,1,RCB,0,MI,bat,normal,RCB,0
144,2009,East London,East London,CSK,1,DC,0,CSK,bat,normal,CSK,78
145,2009,Durban,Durban,RR,1,KXIP,0,KXIP,field,normal,RR,78
146,2009,Durban,Durban,KKR,1,DD,0,KKR,bat,normal,DD,0
147,2009,Centurion,Centurion,DC,1,MI,0,DC,bat,normal,DC,19
148,2009,Centurion,Centurion,RCB,1,RR,0,RR,field,normal,RR,0
149,2009,Centurion,Centurion,CSK,1,KXIP,0,CSK,bat,normal,CSK,12
150,2009,East London,East London,MI,1,DD,0,MI,bat,normal,DD,0
151,2009,Kimberley,Kimberley,DC,1,KXIP,0,KXIP,field,normal,KXIP,0
152,2009,Kimberley,Kimberley,RR,1,CSK,0,RR,bat,normal,CSK,0
153,2009,Port Elizabeth,Port Elizabeth,MI,1,RCB,0,MI,bat,normal,MI,16
154,2009,Johannesburg,Johannesburg,KKR,1,DD,0,DD,field,normal,DD,0
155,2009,Kimberley,Kimberley,DC,1,RR,0,DC,bat,normal,DC,53
156,2009,Centurion,Centurion,KKR,1,RCB,0,RCB,field,normal,RCB,0
157,2009,Centurion,Centurion,KXIP,1,MI,0,KXIP,bat,normal,MI,0
158,2009,Durban,Durban,DD,1,DC,0,DC,field,normal,DD,12
159,2009,Durban,Durban,CSK,1,RCB,0,CSK,bat,normal,RCB,0
160,2009,Durban,Durban,RR,1,MI,0,RR,bat,normal,RR,2
161,2009,Bloemfontein,Bloemfontein,DD,1,KXIP,0,KXIP,field,normal,KXIP,0
162,2009,Port Elizabeth,Port Elizabeth,MI,1,CSK,0,MI,bat,normal,CSK,0
163,2009,Johannesburg,Johannesburg,KKR,1,DC,0,DC,field,normal,DC,0
164,2009,Johannesburg,Johannesburg,KXIP,1,DC,0,DC,field,normal,KXIP,1
165,2009,Bloemfontein,Bloemfontein,DD,1,RR,0,DD,bat,normal,DD,14
166,2009,Centurion,Centurion,CSK,1,KKR,0,CSK,bat,normal,KKR,0
167,2009,Johannesburg,Johannesburg,DD,1,RCB,0,DD,bat,normal,RCB,0
168,2009,Durban,Durban,RR,1,KKR,0,KKR,field,normal,KKR,0
169,2009,Durban,Durban,CSK,1,KXIP,0,CSK,bat,normal,CSK,24
170,2009,Centurion,Centurion,MI,1,DD,0,DD,field,normal,DD,0
171,2009,Centurion,Centurion,RCB,1,DC,0,RCB,bat,normal,RCB,12
172,2009,Centurion,Centurion,DD,1,DC,0,DC,field,normal,DC,0
173,2009,Johannesburg,Johannesburg,CSK,1,RCB,0,RCB,field,normal,RCB,0
174,2009,Johannesburg,Johannesburg,DC,1,RCB,0,RCB,field,normal,DC,6
175,2010,Mumbai,MI,KKR,1,DC,0,DC,field,normal,KKR,11
176,2010,Mumbai,MI,MI,1,RR,0,MI,bat,normal,MI,4
177,2010,Chandigarh,KXIP,KXIP,1,DD,0,DD,field,normal,DD,0
178,2010,Kolkata,KKR,RCB,1,KKR,0,KKR,field,normal,KKR,0
179,2010,Chennai,CSK,DC,1,CSK,0,DC,bat,normal,DC,31
180,2010,Ahmedabad,Ahmedabad,RR,1,DD,0,DD,field,normal,DD,0
181,2010,Bangalore,RCB,KXIP,1,RCB,0,KXIP,bat,normal,RCB,0
182,2010,Kolkata,KKR,CSK,1,KKR,0,CSK,bat,normal,CSK,55
183,2010,Delhi,DD,MI,1,DD,0,DD,field,normal,MI,98
184,2010,Bangalore,RCB,RR,1,RCB,0,RCB,field,normal,RCB,0
185,2010,Delhi,DD,DD,1,CSK,0,DD,bat,normal,CSK,0
186,2010,Cuttack,Cuttack,DC,1,KXIP,0,KXIP,field,normal,DC,6
187,2010,Ahmedabad,Ahmedabad,RR,1,KKR,0,RR,bat,normal,RR,34
188,2010,Mumbai,MI,MI,1,RCB,0,MI,bat,normal,RCB,0
189,2010,Cuttack,Cuttack,DC,1,DD,0,DC,bat,normal,DC,10
190,2010,Chennai,CSK,KXIP,1,CSK,0,CSK,field,tie,KXIP,0
191,2010,Mumbai,MI,KKR,1,MI,0,KKR,bat,normal,MI,0
192,2010,Bangalore,RCB,RCB,1,CSK,0,CSK,field,normal,RCB,36
193,2010,Chandigarh,KXIP,RR,1,KXIP,0,KXIP,field,normal,RR,31
194,2010,Mumbai,MI,CSK,1,MI,0,MI,field,normal,MI,0
195,2010,Ahmedabad,Ahmedabad,DC,1,RR,0,DC,bat,normal,RR,0
196,2010,Chandigarh,KXIP,KKR,1,KXIP,0,KKR,bat,normal,KKR,39
197,2010,Bangalore,RCB,DD,1,RCB,0,RCB,field,normal,DD,17
198,2010,Ahmedabad,Ahmedabad,RR,1,CSK,0,RR,bat,normal,RR,17
199,2010,Mumbai,MI,MI,1,DC,0,DC,field,normal,MI,41
200,2010,Delhi,DD,DD,1,KKR,0,DD,bat,normal,DD,40
201,2010,Mumbai,MI,KXIP,1,MI,0,MI,field,normal,MI,0
202,2010,Chennai,CSK,RCB,1,CSK,0,RCB,bat,normal,CSK,0
203,2010,Delhi,DD,DD,1,RR,0,DD,bat,normal,DD,67
204,2010,Kolkata,KKR,KKR,1,DC,0,KKR,bat,normal,KKR,24
205,2010,Chandigarh,KXIP,KXIP,1,RCB,0,KXIP,bat,normal,RCB,0
206,2010,Chennai,CSK,CSK,1,RR,0,CSK,bat,normal,CSK,23
207,2010,Mumbai,MI,MI,1,DC,0,MI,bat,normal,MI,63
208,2010,Kolkata,KKR,KKR,1,KXIP,0,KKR,bat,normal,KXIP,0
209,2010,Delhi,DD,DD,1,RCB,0,DD,bat,normal,DD,37
210,2010,Nagpur,Nagpur,RR,1,DC,0,RR,bat,normal,RR,2
211,2010,Chennai,CSK,CSK,1,MI,0,CSK,bat,normal,CSK,24
212,2010,Jaipur,RR,KXIP,1,RR,0,KXIP,bat,normal,RR,0
213,2010,Kolkata,KKR,KKR,1,DD,0,KKR,bat,normal,KKR,14
214,2010,Bangalore,RCB,RCB,1,DC,0,DC,field,normal,DC,0
215,2010,Chandigarh,KXIP,MI,1,KXIP,0,MI,bat,normal,KXIP,0
216,2010,Nagpur,Nagpur,CSK,1,DC,0,CSK,bat,normal,DC,0
217,2010,Bangalore,RCB,KKR,1,RCB,0,RCB,field,normal,RCB,0
218,2010,Delhi,DD,DD,1,KXIP,0,DD,bat,normal,KXIP,0
219,2010,Jaipur,RR,MI,1,RR,0,RR,field,normal,MI,37
220,2010,Nagpur,Nagpur,DC,1,RCB,0,RCB,field,normal,DC,13
221,2010,Mumbai,MI,MI,1,DD,0,MI,bat,normal,MI,39
222,2010,Chennai,CSK,KKR,1,CSK,0,KKR,bat,normal,CSK,0
223,2010,Jaipur,RR,RR,1,RCB,0,RR,bat,normal,RCB,0
224,2010,Chennai,CSK,CSK,1,DD,0,CSK,bat,normal,DD,0
225,2010,Dharamsala,Dharamsala,KXIP,1,DC,0,DC,field,normal,DC,0
226,2010,Bangalore,RCB,MI,1,RCB,0,RCB,field,normal,MI,57
227,2010,Kolkata,KKR,RR,1,KKR,0,RR,bat,normal,KKR,0
228,2010,Dharamsala,Dharamsala,KXIP,1,CSK,0,CSK,field,normal,CSK,0
229,2010,Delhi,DD,DC,1,DD,0,DC,bat,normal,DC,11
230,2010,Kolkata,KKR,MI,1,KKR,0,MI,bat,normal,KKR,0
231,2010,Mumbai,MI,MI,1,RCB,0,MI,bat,normal,MI,35
232,2010,Mumbai,MI,CSK,1,DC,0,CSK,bat,normal,CSK,38
233,2010,Mumbai,MI,DC,1,RCB,0,DC,bat,normal,RCB,0
234,2010,Mumbai,MI,CSK,1,MI,0,CSK,bat,normal,CSK,22
235,2011,Chennai,CSK,CSK,1,KKR,0,CSK,bat,normal,CSK,2
236,2011,Hyderabad,SRH,DC,1,RR,0,RR,field,normal,RR,0
237,2011,Kochi,Kochi,KTK,1,RCB,0,KTK,bat,normal,RCB,0
238,2011,Delhi,DD,DD,1,MI,0,DD,bat,normal,MI,0
239,2011,Mumbai,MI,KXIP,1,PW,0,KXIP,bat,normal,PW,0
240,2011,Kolkata,KKR,KKR,1,DC,0,KKR,bat,normal,KKR,9
241,2011,Jaipur,RR,DD,1,RR,0,DD,bat,normal,RR,0
242,2011,Bangalore,RCB,RCB,1,MI,0,MI,field,normal,MI,0
243,2011,Chandigarh,KXIP,CSK,1,KXIP,0,KXIP,field,normal,KXIP,0
244,2011,Mumbai,MI,KTK,1,PW,0,KTK,bat,normal,PW,0
245,2011,Hyderabad,SRH,DC,1,RCB,0,RCB,field,normal,DC,33
246,2011,Jaipur,RR,RR,1,KKR,0,KKR,field,normal,KKR,0
247,2011,Mumbai,MI,MI,1,KTK,0,KTK,field,normal,KTK,0
248,2011,Chennai,CSK,CSK,1,RCB,0,CSK,bat,normal,CSK,21
249,2011,Hyderabad,SRH,DC,1,KXIP,0,KXIP,field,normal,KXIP,0
250,2011,Mumbai,MI,PW,1,DD,0,DD,field,normal,DD,0
251,2011,Kolkata,KKR,RR,1,KKR,0,KKR,field,normal,KKR,0
252,2011,Kochi,Kochi,CSK,1,KTK,0,KTK,field,normal,KTK,0
253,2011,Delhi,DD,DC,1,DD,0,DC,bat,normal,DC,16
254,2011,Mumbai,MI,PW,1,MI,0,PW,bat,normal,MI,0
255,2011,Kolkata,KKR,KTK,1,KKR,0,KKR,field,normal,KTK,6
256,2011,Chandigarh,KXIP,KXIP,1,RR,0,RR,field,normal,KXIP,48
257,2011,Mumbai,MI,MI,1,CSK,0,CSK,field,normal,MI,8
258,2011,Kolkata,KKR,KKR,1,RCB,0,RCB,field,normal,RCB,0
259,2011,Delhi,DD,DD,1,KXIP,0,KXIP,field,normal,DD,29
260,2011,Hyderabad,SRH,MI,1,DC,0,DC,field,normal,MI,37
261,2011,Jaipur,RR,KTK,1,RR,0,RR,field,normal,RR,0
262,2011,Chennai,CSK,CSK,1,PW,0,PW,field,normal,CSK,25
263,2011,Delhi,DD,DD,1,RCB,0,RCB,field,normal,RCB,0
264,2011,Mumbai,MI,PW,1,CSK,0,PW,bat,normal,CSK,0
265,2011,Kochi,Kochi,DC,1,KTK,0,KTK,field,normal,DC,55
266,2011,Delhi,DD,KKR,1,DD,0,DD,field,normal,KKR,17
267,2011,Jaipur,RR,MI,1,RR,0,RR,field,normal,RR,0
268,2011,Bangalore,RCB,RCB,1,PW,0,PW,field,normal,RCB,26
269,2011,Kochi,Kochi,DD,1,KTK,0,DD,bat,normal,DD,38
270,2011,Kolkata,KKR,KXIP,1,KKR,0,KKR,field,normal,KKR,0
271,2011,Jaipur,RR,PW,1,RR,0,RR,field,normal,RR,0
272,2011,Chennai,CSK,CSK,1,DC,0,CSK,bat,normal,CSK,19
273,2011,Mumbai,MI,MI,1,KXIP,0,KXIP,field,normal,MI,23
274,2011,Delhi,DD,DD,1,KTK,0,KTK,field,normal,KTK,0
275,2011,Hyderabad,SRH,KKR,1,DC,0,DC,field,normal,KKR,20
276,2011,Chennai,CSK,RR,1,CSK,0,RR,bat,normal,CSK,0
277,2011,Mumbai,MI,MI,1,PW,0,PW,field,normal,MI,21
278,2011,Kochi,Kochi,KTK,1,KKR,0,KKR,field,normal,KTK,17
279,2011,Hyderabad,SRH,DC,1,DD,0,DD,field,normal,DD,0
280,2011,Bangalore,RCB,RCB,1,KXIP,0,KXIP,field,normal,RCB,85
281,2011,Kolkata,KKR,CSK,1,KKR,0,CSK,bat,normal,KKR,10
282,2011,Mumbai,MI,MI,1,DD,0,DD,field,normal,MI,32
283,2011,Bangalore,RCB,KTK,1,RCB,0,KTK,bat,normal,RCB,0
284,2011,Chandigarh,KXIP,KXIP,1,PW,0,KXIP,bat,normal,PW,0
285,2011,Jaipur,RR,CSK,1,RR,0,RR,field,normal,CSK,63
286,2011,Hyderabad,SRH,DC,1,PW,0,DC,bat,normal,PW,0
287,2011,Chandigarh,KXIP,KXIP,1,MI,0,MI,field,normal,KXIP,76
288,2011,Jaipur,RR,RR,1,RCB,0,RCB,field,normal,RCB,0
289,2011,Chennai,CSK,CSK,1,DD,0,CSK,bat,normal,CSK,18
290,2011,Indore,Indore,KTK,1,KXIP,0,KXIP,field,normal,KXIP,0
291,2011,Bangalore,RCB,KKR,1,RCB,0,RCB,field,normal,RCB,0
292,2011,Mumbai,MI,DC,1,MI,0,DC,bat,normal,DC,10
293,2011,Dharamsala,Dharamsala,KXIP,1,DD,0,DD,field,normal,KXIP,29
294,2011,Indore,Indore,RR,1,KTK,0,KTK,field,normal,KTK,0
295,2011,Mumbai,MI,PW,1,DC,0,DC,field,normal,DC,0
296,2011,Dharamsala,Dharamsala,KXIP,1,RCB,0,KXIP,bat,normal,KXIP,111
297,2011,Chennai,CSK,CSK,1,KTK,0,CSK,bat,normal,CSK,11
298,2011,Mumbai,MI,PW,1,KKR,0,KKR,field,normal,KKR,0
299,2011,Mumbai,MI,MI,1,RR,0,MI,bat,normal,RR,0
300,2011,Dharamsala,Dharamsala,DC,1,KXIP,0,KXIP,field,normal,DC,82
301,2011,Delhi,DD,DD,1,PW,0,DD,bat,no inf,,0
302,2011,Bangalore,RCB,CSK,1,RCB,0,RCB,field,normal,RCB,0
303,2011,Kolkata,KKR,KKR,1,MI,0,MI,field,normal,MI,0
304,2011,Mumbai,MI,RCB,1,CSK,0,CSK,field,normal,CSK,0
305,2011,Mumbai,MI,KKR,1,MI,0,MI,field,normal,MI,0
306,2011,Chennai,CSK,RCB,1,MI,0,MI,field,normal,RCB,43
307,2011,Chennai,CSK,CSK,1,RCB,0,CSK,bat,normal,CSK,58
308,2012,Chennai,CSK,CSK,1,MI,0,MI,field,normal,MI,0
309,2012,Kolkata,KKR,KKR,1,DD,0,DD,field,normal,DD,0
310,2012,Mumbai,MI,PW,1,MI,0,MI,field,normal,PW,28
311,2012,Jaipur,RR,RR,1,KXIP,0,KXIP,field,normal,RR,31
312,2012,Bangalore,RCB,RCB,1,DD,0,DD,field,normal,RCB,20
313,2012,Visakhapatnam,Visakhapatnam,CSK,1,DC,0,DC,field,normal,CSK,74
314,2012,Jaipur,RR,RR,1,KKR,0,KKR,field,normal,RR,22
315,2012,Pune,RPS,PW,1,KXIP,0,PW,bat,normal,PW,22
316,2012,Visakhapatnam,Visakhapatnam,DC,1,MI,0,DC,bat,normal,MI,0
317,2012,Bangalore,RCB,KKR,1,RCB,0,RCB,field,normal,KKR,42
318,2012,Delhi,DD,CSK,1,DD,0,DD,field,normal,DD,0
319,2012,Mumbai,MI,MI,1,RR,0,RR,field,normal,MI,27
320,2012,Chennai,CSK,RCB,1,CSK,0,RCB,bat,normal,CSK,0
321,2012,Chandigarh,KXIP,PW,1,KXIP,0,KXIP,field,normal,KXIP,0
322,2012,Kolkata,KKR,RR,1,KKR,0,RR,bat,normal,KKR,0
323,2012,Delhi,DD,DC,1,DD,0,DC,bat,normal,DD,0
324,2012,Pune,RPS,CSK,1,PW,0,CSK,bat,normal,PW,0
325,2012,Kolkata,KKR,KXIP,1,KKR,0,KKR,field,normal,KXIP,2
326,2012,Bangalore,RCB,RR,1,RCB,0,RR,bat,normal,RR,59
327,2012,Mumbai,MI,MI,1,DD,0,DD,field,normal,DD,0
328,2012,Jaipur,RR,DC,1,RR,0,DC,bat,normal,RR,0
329,2012,Bangalore,RCB,PW,1,RCB,0,PW,bat,normal,RCB,0
330,2012,Chandigarh,KXIP,KXIP,1,KKR,0,KXIP,bat,normal,KKR,0
331,2012,Hyderabad,SRH,DC,1,DD,0,DC,bat,normal,DD,0
332,2012,Chennai,CSK,CSK,1,PW,0,PW,field,normal,CSK,13
333,2012,Chandigarh,KXIP,KXIP,1,RCB,0,RCB,field,normal,RCB,0
334,2012,Chennai,CSK,RR,1,CSK,0,RR,bat,normal,CSK,0
335,2012,Delhi,DD,PW,1,DD,0,DD,field,normal,PW,20
336,2012,Mumbai,MI,MI,1,KXIP,0,MI,bat,normal,KXIP,0
337,2012,Cuttack,Cuttack,DC,1,KKR,0,KKR,field,normal,KKR,0
338,2012,Jaipur,RR,RCB,1,RR,0,RR,field,normal,RCB,46
339,2012,Pune,RPS,PW,1,DD,0,PW,bat,normal,DD,0
340,2012,Chandigarh,KXIP,KXIP,1,MI,0,KXIP,bat,normal,MI,0
341,2012,Pune,RPS,DC,1,PW,0,DC,bat,normal,DC,18
342,2012,Delhi,DD,DD,1,MI,0,MI,field,normal,DD,37
343,2012,Chennai,CSK,KXIP,1,CSK,0,KXIP,bat,normal,KXIP,7
344,2012,Kolkata,KKR,KKR,1,RCB,0,KKR,bat,normal,KKR,47
345,2012,Delhi,DD,DD,1,RR,0,DD,bat,normal,DD,1
346,2012,Mumbai,MI,DC,1,MI,0,MI,field,normal,MI,0
347,2012,Chennai,CSK,CSK,1,KKR,0,CSK,bat,normal,KKR,0
348,2012,Cuttack,Cuttack,DC,1,PW,0,DC,bat,normal,DC,13
349,2012,Jaipur,RR,RR,1,DD,0,RR,bat,normal,DD,0
350,2012,Bangalore,RCB,RCB,1,KXIP,0,KXIP,field,normal,KXIP,0
351,2012,Pune,RPS,MI,1,PW,0,MI,bat,normal,MI,1
352,2012,Chennai,CSK,CSK,1,DC,0,CSK,bat,normal,CSK,10
353,2012,Kolkata,KKR,KKR,1,PW,0,KKR,bat,normal,KKR,7
354,2012,Chandigarh,KXIP,RR,1,KXIP,0,RR,bat,normal,RR,43
355,2012,Mumbai,MI,CSK,1,MI,0,MI,field,normal,MI,0
356,2012,Bangalore,RCB,DC,1,RCB,0,RCB,field,normal,RCB,0
357,2012,Delhi,DD,DD,1,KKR,0,DD,bat,normal,KKR,0
358,2012,Pune,RPS,PW,1,RR,0,PW,bat,normal,RR,0
359,2012,Hyderabad,SRH,KXIP,1,DC,0,DC,field,normal,KXIP,25
360,2012,Mumbai,MI,MI,1,RCB,0,RCB,field,normal,RCB,0
361,2012,Jaipur,RR,RR,1,CSK,0,CSK,field,normal,CSK,0
362,2012,Pune,RPS,RCB,1,PW,0,PW,field,normal,RCB,35
363,2012,Kolkata,KKR,MI,1,KKR,0,MI,bat,normal,MI,27
364,2012,Chennai,CSK,DD,1,CSK,0,CSK,field,normal,CSK,0
365,2012,Jaipur,RR,RR,1,PW,0,RR,bat,normal,RR,45
366,2012,Chandigarh,KXIP,DC,1,KXIP,0,DC,bat,normal,KXIP,0
367,2012,Bangalore,RCB,RCB,1,MI,0,MI,field,normal,MI,0
368,2012,Kolkata,KKR,KKR,1,CSK,0,CSK,field,normal,CSK,0
369,2012,Delhi,DD,KXIP,1,DD,0,KXIP,bat,normal,DD,0
370,2012,Mumbai,MI,KKR,1,MI,0,MI,field,normal,KKR,32
371,2012,Dharamsala,Dharamsala,CSK,1,KXIP,0,KXIP,field,normal,KXIP,0
372,2012,Delhi,DD,RCB,1,DD,0,DD,field,normal,RCB,21
373,2012,Hyderabad,SRH,RR,1,DC,0,RR,bat,normal,DC,0
374,2012,Dharamsala,Dharamsala,KXIP,1,DD,0,DD,field,normal,DD,0
375,2012,Pune,RPS,KKR,1,PW,0,KKR,bat,normal,KKR,34
376,2012,Hyderabad,SRH,DC,1,RCB,0,RCB,field,normal,DC,9
377,2012,Jaipur,RR,RR,1,MI,0,RR,bat,normal,MI,0
378,2012,Pune,RPS,KKR,1,DD,0,KKR,bat,normal,KKR,18
379,2012,Bangalore,RCB,CSK,1,MI,0,MI,field,normal,CSK,38
380,2012,Chennai,CSK,CSK,1,DD,0,DD,field,normal,CSK,86
381,2012,Chennai,CSK,CSK,1,KKR,0,CSK,bat,normal,KKR,0
382,2013,Kolkata,KKR,DD,1,KKR,0,KKR,field,normal,KKR,0
383,2013,Bangalore,RCB,RCB,1,MI,0,MI,field,normal,RCB,2
384,2013,Hyderabad,SRH,SRH,1,PW,0,PW,field,normal,SRH,22
385,2013,Delhi,DD,RR,1,DD,0,RR,bat,normal,RR,5
386,2013,Chennai,CSK,MI,1,CSK,0,MI,bat,normal,MI,9
387,2013,Pune,RPS,PW,1,KXIP,0,PW,bat,normal,KXIP,0
388,2013,Hyderabad,SRH,RCB,1,SRH,0,RCB,bat,tie,SRH,0
389,2013,Jaipur,RR,RR,1,KKR,0,KKR,field,normal,RR,19
390,2013,Mumbai,MI,MI,1,DD,0,MI,bat,normal,MI,44
391,2013,Chandigarh,KXIP,KXIP,1,CSK,0,CSK,field,normal,CSK,0
392,2013,Bangalore,RCB,KKR,1,RCB,0,RCB,field,normal,RCB,0
393,2013,Pune,RPS,RR,1,PW,0,RR,bat,normal,PW,0
394,2013,Delhi,DD,DD,1,SRH,0,DD,bat,normal,SRH,0
395,2013,Mumbai,MI,MI,1,PW,0,MI,bat,normal,MI,41
396,2013,Chennai,CSK,RCB,1,CSK,0,CSK,field,normal,CSK,0
397,2013,Kolkata,KKR,KKR,1,SRH,0,KKR,bat,normal,KKR,48
398,2013,Jaipur,RR,KXIP,1,RR,0,RR,field,normal,RR,0
399,2013,Chennai,CSK,PW,1,CSK,0,PW,bat,normal,PW,24
400,2013,Chandigarh,KXIP,KXIP,1,KKR,0,KKR,field,normal,KXIP,4
401,2013,Bangalore,RCB,DD,1,RCB,0,RCB,field,tie,RCB,0
402,2013,Pune,RPS,SRH,1,PW,0,PW,field,normal,SRH,11
403,2013,Jaipur,RR,RR,1,MI,0,RR,bat,normal,RR,87
404,2013,Delhi,DD,CSK,1,DD,0,CSK,bat,normal,CSK,86
405,2013,Hyderabad,SRH,KXIP,1,SRH,0,KXIP,bat,normal,SRH,0
406,2013,Kolkata,KKR,KKR,1,CSK,0,KKR,bat,normal,CSK,0
407,2013,Bangalore,RCB,RR,1,RCB,0,RCB,field,normal,RCB,0
408,2013,Delhi,DD,MI,1,DD,0,MI,bat,normal,DD,0
409,2013,Chandigarh,KXIP,PW,1,KXIP,0,KXIP,field,normal,KXIP,0
410,2013,Chennai,CSK,RR,1,CSK,0,RR,bat,normal,CSK,0
411,2013,Bangalore,RCB,RCB,1,PW,0,PW,field,normal,RCB,130
412,2013,Dharamsala,Dharamsala,KXIP,1,DD,0,DD,field,normal,KXIP,7
413,2013,Kolkata,KKR,KKR,1,MI,0,KKR,bat,normal,MI,0
414,2013,Chennai,CSK,SRH,1,CSK,0,SRH,bat,normal,CSK,0
415,2013,Kolkata,KKR,KXIP,1,KKR,0,KXIP,bat,normal,KKR,0
416,2013,Jaipur,RR,SRH,1,RR,0,SRH,bat,normal,RR,0
417,2013,Mumbai,MI,MI,1,RCB,0,MI,bat,normal,MI,58
418,2013,Chennai,CSK,CSK,1,KKR,0,KKR,field,normal,CSK,14
419,2013,Raipur,Raipur,DD,1,PW,0,PW,field,normal,DD,15
420,2013,Jaipur,RR,RCB,1,RR,0,RR,field,normal,RR,0
421,2013,Mumbai,MI,MI,1,KXIP,0,MI,bat,normal,MI,4
422,2013,Pune,RPS,CSK,1,PW,0,CSK,bat,normal,CSK,37
423,2013,Hyderabad,SRH,MI,1,SRH,0,MI,bat,normal,SRH,0
424,2013,Raipur,Raipur,KKR,1,DD,0,KKR,bat,normal,DD,0
425,2013,Chennai,CSK,CSK,1,KXIP,0,CSK,bat,normal,CSK,15
426,2013,Pune,RPS,RCB,1,PW,0,RCB,bat,normal,RCB,17
427,2013,Kolkata,KKR,RR,1,KKR,0,RR,bat,normal,KKR,0
428,2013,Hyderabad,SRH,DD,1,SRH,0,DD,bat,normal,SRH,0
429,2013,Bangalore,RCB,RCB,1,KXIP,0,KXIP,field,normal,KXIP,0
430,2013,Mumbai,MI,MI,1,CSK,0,MI,bat,normal,MI,60
431,2013,Jaipur,RR,PW,1,RR,0,PW,bat,normal,RR,0
432,2013,Bangalore,RCB,SRH,1,RCB,0,SRH,bat,normal,RCB,0
433,2013,Jaipur,RR,DD,1,RR,0,DD,bat,normal,RR,0
434,2013,Mumbai,MI,MI,1,KKR,0,MI,bat,normal,MI,65
435,2013,Hyderabad,SRH,CSK,1,SRH,0,SRH,field,normal,CSK,77
436,2013,Chandigarh,KXIP,KXIP,1,RR,0,RR,field,normal,RR,0
437,2013,Pune,RPS,KKR,1,PW,0,KKR,bat,normal,KKR,46
438,2013,Delhi,DD,RCB,1,DD,0,DD,field,normal,RCB,4
439,2013,Pune,RPS,PW,1,MI,0,PW,bat,normal,MI,0
440,2013,Chandigarh,KXIP,SRH,1,KXIP,0,KXIP,field,normal,SRH,30
441,2013,Ranchi,Ranchi,RCB,1,KKR,0,KKR,field,normal,KKR,0
442,2013,Jaipur,RR,CSK,1,RR,0,RR,field,normal,RR,0
443,2013,Delhi,DD,DD,1,KXIP,0,KXIP,field,normal,KXIP,0
444,2013,Mumbai,MI,SRH,1,MI,0,SRH,bat,normal,MI,0
445,2013,Ranchi,Ranchi,PW,1,KKR,0,KKR,field,normal,PW,7
446,2013,Chennai,CSK,CSK,1,DD,0,CSK,bat,normal,CSK,33
447,2013,Mumbai,MI,MI,1,RR,0,RR,field,normal,MI,14
448,2013,Chandigarh,KXIP,RCB,1,KXIP,0,KXIP,field,normal,KXIP,0
449,2013,Hyderabad,SRH,SRH,1,RR,0,SRH,bat,normal,SRH,23
450,2013,Dharamsala,Dharamsala,KXIP,1,MI,0,MI,field,normal,KXIP,50
451,2013,Pune,RPS,PW,1,DD,0,PW,bat,normal,PW,38
452,2013,Bangalore,RCB,RCB,1,CSK,0,CSK,field,normal,RCB,24
453,2013,Hyderabad,SRH,KKR,1,SRH,0,KKR,bat,normal,SRH,0
454,2013,Delhi,DD,CSK,1,MI,0,CSK,bat,normal,CSK,48
455,2013,Delhi,DD,SRH,1,RR,0,SRH,bat,normal,RR,0
456,2013,Kolkata,KKR,RR,1,MI,0,RR,bat,normal,MI,0
457,2013,Kolkata,KKR,MI,1,CSK,0,MI,bat,normal,MI,23
458,2014,Abu Dhabi,Abu Dhabi,KKR,1,MI,0,KKR,bat,normal,KKR,41
459,2014,Sharjah,Sharjah,DD,1,RCB,0,RCB,field,normal,RCB,0
460,2014,Abu Dhabi,Abu Dhabi,CSK,1,KXIP,0,CSK,bat,normal,KXIP,0
461,2014,Abu Dhabi,Abu Dhabi,SRH,1,RR,0,RR,field,normal,RR,0
462,2014,,,MI,1,RCB,0,RCB,field,normal,RCB,0
463,2014,,,KKR,1,DD,0,KKR,bat,normal,DD,0
464,2014,Sharjah,Sharjah,RR,1,KXIP,0,KXIP,field,normal,KXIP,0
465,2014,Abu Dhabi,Abu Dhabi,CSK,1,DD,0,CSK,bat,normal,CSK,93
466,2014,Sharjah,Sharjah,KXIP,1,SRH,0,SRH,field,normal,KXIP,72
467,2014,,,CSK,1,RR,0,RR,field,normal,CSK,7
468,2014,Sharjah,Sharjah,KKR,1,RCB,0,RCB,field,normal,KKR,2
469,2014,,,SRH,1,DD,0,SRH,bat,normal,SRH,4
470,2014,,,MI,1,CSK,0,MI,bat,normal,CSK,0
471,2014,Abu Dhabi,Abu Dhabi,RCB,1,RR,0,RR,field,normal,RR,0
472,2014,Abu Dhabi,Abu Dhabi,KXIP,1,KKR,0,KKR,field,normal,KXIP,23
473,2014,Sharjah,Sharjah,MI,1,DD,0,MI,bat,normal,DD,0
474,2014,Sharjah,Sharjah,SRH,1,CSK,0,SRH,bat,normal,CSK,0
475,2014,,,RCB,1,KXIP,0,KXIP,field,normal,KXIP,0
476,2014,Abu Dhabi,Abu Dhabi,RR,1,KKR,0,RR,bat,tie,RR,0
477,2014,,,SRH,1,MI,0,MI,field,normal,SRH,15
478,2014,Ranchi,Ranchi,CSK,1,KKR,0,CSK,bat,normal,CSK,34
479,2014,Mumbai,MI,KXIP,1,MI,0,KXIP,bat,normal,MI,0
480,2014,Delhi,DD,DD,1,RR,0,RR,field,normal,RR,0
481,2014,Bangalore,RCB,SRH,1,RCB,0,RCB,field,normal,RCB,0
482,2014,Ahmedabad,Ahmedabad,RR,1,KKR,0,KKR,field,normal,RR,10
483,2014,Delhi,DD,DD,1,CSK,0,CSK,field,normal,CSK,0
484,2014,Mumbai,MI,MI,1,RCB,0,RCB,field,normal,MI,19
485,2014,Delhi,DD,DD,1,KKR,0,DD,bat,normal,KKR,0
486,2014,Cuttack,Cuttack,KXIP,1,CSK,0,CSK,field,normal,KXIP,44
487,2014,Ahmedabad,Ahmedabad,SRH,1,RR,0,RR,field,normal,SRH,32
488,2014,Bangalore,RCB,KXIP,1,RCB,0,RCB,field,normal,KXIP,32
489,2014,Delhi,DD,DD,1,SRH,0,SRH,field,normal,SRH,0
490,2014,Mumbai,MI,MI,1,CSK,0,CSK,field,normal,CSK,0
491,2014,Cuttack,Cuttack,KXIP,1,KKR,0,KKR,field,normal,KKR,0
492,2014,Bangalore,RCB,RCB,1,RR,0,RCB,bat,normal,RR,0
493,2014,Hyderabad,SRH,SRH,1,MI,0,SRH,bat,normal,MI,0
494,2014,Ranchi,Ranchi,RR,1,CSK,0,RR,bat,normal,CSK,0
495,2014,Bangalore,RCB,RCB,1,DD,0,DD,field,normal,RCB,16
496,2014,Hyderabad,SRH,SRH,1,KXIP,0,KXIP,field,normal,KXIP,0
497,2014,Cuttack,Cuttack,MI,1,KKR,0,KKR,field,normal,KKR,0
498,2014,Ahmedabad,Ahmedabad,RR,1,DD,0,DD,field,normal,RR,62
499,2014,Ranchi,Ranchi,CSK,1,RCB,0,CSK,bat,normal,RCB,0
500,2014,Hyderabad,SRH,SRH,1,KKR,0,SRH,bat,normal,KKR,0
501,2014,Ahmedabad,Ahmedabad,MI,1,RR,0,MI,bat,normal,MI,25
502,2014,Delhi,DD,DD,1,KXIP,0,KXIP,field,normal,KXIP,0
503,2014,Hyderabad,SRH,RCB,1,SRH,0,RCB,bat,normal,SRH,0
504,2014,Kolkata,KKR,CSK,1,KKR,0,KKR,field,normal,KKR,0
505,2014,Chandigarh,KXIP,KXIP,1,MI,0,MI,field,normal,MI,0
506,2014,Kolkata,KKR,KKR,1,RCB,0,RCB,field,normal,KKR,30
507,2014,Ranchi,Ranchi,CSK,1,SRH,0,SRH,field,normal,SRH,0
508,2014,Mumbai,MI,MI,1,DD,0,DD,field,normal,MI,15
509,2014,Chandigarh,KXIP,KXIP,1,RR,0,RR,field,normal,KXIP,16
510,2014,Bangalore,RCB,RCB,1,CSK,0,CSK,field,normal,CSK,0
511,2014,Kolkata,KKR,SRH,1,KKR,0,KKR,field,normal,KKR,0
512,2014,Chandigarh,KXIP,DD,1,KXIP,0,KXIP,field,normal,KXIP,0
513,2014,Mumbai,MI,RR,1,MI,0,MI,field,normal,MI,0
514,2014,Kolkata,KKR,KKR,1,KXIP,0,KXIP,field,normal,KKR,28
515,2014,Mumbai,MI,MI,1,CSK,0,CSK,field,normal,CSK,0
516,2014,Mumbai,MI,KXIP,1,CSK,0,CSK,field,normal,KXIP,24
517,2014,Bangalore,RCB,KXIP,1,KKR,0,KKR,field,normal,KKR,0
518,2015,Kolkata,KKR,MI,1,KKR,0,KKR,field,normal,KKR,0
519,2015,Chennai,CSK,CSK,1,DD,0,DD,field,normal,CSK,1
520,2015,Pune,RPS,RR,1,KXIP,0,KXIP,field,normal,RR,26
521,2015,Chennai,CSK,CSK,1,SRH,0,CSK,bat,normal,CSK,45
522,2015,Kolkata,KKR,KKR,1,RCB,0,RCB,field,normal,RCB,0
523,2015,Delhi,DD,DD,1,RR,0,RR,field,normal,RR,0
524,2015,Mumbai,MI,KXIP,1,MI,0,MI,field,normal,KXIP,18
525,2015,Bangalore,RCB,RCB,1,SRH,0,SRH,field,normal,SRH,0
526,2015,Ahmedabad,Ahmedabad,MI,1,RR,0,MI,bat,normal,RR,0
527,2015,Kolkata,KKR,CSK,1,KKR,0,KKR,field,normal,KKR,0
528,2015,Pune,RPS,KXIP,1,DD,0,KXIP,bat,normal,DD,0
529,2015,Visakhapatnam,Visakhapatnam,SRH,1,RR,0,RR,field,normal,RR,0
530,2015,Mumbai,MI,MI,1,CSK,0,MI,bat,normal,CSK,0
531,2015,Visakhapatnam,Visakhapatnam,DD,1,SRH,0,DD,bat,normal,DD,4
532,2015,Pune,RPS,KXIP,1,KKR,0,KKR,field,normal,KKR,0
533,2015,Ahmedabad,Ahmedabad,CSK,1,RR,0,CSK,bat,normal,RR,0
534,2015,Bangalore,RCB,MI,1,RCB,0,RCB,field,normal,MI,18
535,2015,Delhi,DD,DD,1,KKR,0,KKR,field,normal,KKR,0
536,2015,Ahmedabad,Ahmedabad,RR,1,KXIP,0,KXIP,field,tie,KXIP,0
537,2015,Visakhapatnam,Visakhapatnam,SRH,1,KKR,0,KKR,field,normal,SRH,16
538,2015,Bangalore,RCB,CSK,1,RCB,0,RCB,field,normal,CSK,27
539,2015,Delhi,DD,DD,1,MI,0,MI,field,normal,DD,37
540,2015,Ahmedabad,Ahmedabad,RR,1,RCB,0,RCB,field,normal,RCB,0
541,2015,Mumbai,MI,MI,1,SRH,0,MI,bat,normal,MI,20
542,2015,Chennai,CSK,CSK,1,KXIP,0,CSK,bat,normal,CSK,97
543,2015,Delhi,DD,DD,1,RCB,0,RCB,field,normal,RCB,0
544,2015,Chandigarh,KXIP,SRH,1,KXIP,0,KXIP,field,normal,SRH,20
545,2015,Kolkata,KKR,KKR,1,DD,0,KKR,bat,normal,KKR,13
546,2015,Bangalore,RCB,RCB,1,RR,0,RR,field,no result,,0
547,2015,Chennai,CSK,CSK,1,KKR,0,KKR,field,normal,CSK,2
548,2015,Delhi,DD,KXIP,1,DD,0,DD,field,normal,DD,0
549,2015,Mumbai,MI,MI,1,RR,0,RR,field,normal,MI,8
550,2015,Bangalore,RCB,KKR,1,RCB,0,RCB,field,normal,RCB,0
551,2015,Hyderabad,SRH,SRH,1,CSK,0,CSK,field,normal,SRH,22
552,2015,Chandigarh,KXIP,MI,1,KXIP,0,MI,bat,normal,MI,23
553,2015,Mumbai,MI,RR,1,DD,0,DD,field,normal,RR,14
554,2015,Chennai,CSK,CSK,1,RCB,0,CSK,bat,normal,CSK,24
555,2015,Kolkata,KKR,KKR,1,SRH,0,SRH,field,normal,KKR,35
556,2015,Mumbai,MI,DD,1,MI,0,DD,bat,normal,MI,0
557,2015,Bangalore,RCB,RCB,1,KXIP,0,KXIP,field,normal,RCB,138
558,2015,Mumbai,MI,SRH,1,RR,0,RR,field,normal,SRH,7
559,2015,Chennai,CSK,CSK,1,MI,0,CSK,bat,normal,MI,0
560,2015,Kolkata,KKR,KXIP,1,KKR,0,KXIP,bat,normal,KKR,0
561,2015,Raipur,Raipur,SRH,1,DD,0,SRH,bat,normal,SRH,6
562,2015,Mumbai,MI,RCB,1,MI,0,RCB,bat,normal,RCB,39
563,2015,Chennai,CSK,CSK,1,RR,0,CSK,bat,normal,CSK,12
564,2015,Hyderabad,SRH,SRH,1,KXIP,0,SRH,bat,normal,SRH,5
565,2015,Raipur,Raipur,CSK,1,DD,0,CSK,bat,normal,DD,0
566,2015,Chandigarh,KXIP,KXIP,1,RCB,0,RCB,field,normal,KXIP,22
567,2015,Mumbai,MI,MI,1,KKR,0,KKR,field,normal,MI,5
568,2015,Hyderabad,SRH,SRH,1,RCB,0,SRH,bat,normal,RCB,0
569,2015,Chandigarh,KXIP,KXIP,1,CSK,0,KXIP,bat,normal,CSK,0
570,2015,Mumbai,MI,RR,1,KKR,0,RR,bat,normal,RR,9
571,2015,Bangalore,RCB,DD,1,RCB,0,RCB,field,no result,,0
572,2015,Hyderabad,SRH,SRH,1,MI,0,SRH,bat,normal,MI,0
573,2015,Mumbai,MI,MI,1,CSK,0,MI,bat,normal,MI,25
574,2015,Pune,RPS,RCB,1,RR,0,RCB,bat,normal,RCB,71
575,2015,Ranchi,Ranchi,RCB,1,CSK,0,CSK,field,normal,CSK,0
576,2015,Kolkata,KKR,MI,1,CSK,0,CSK,field,normal,MI,41
577,2016,Mumbai,MI,MI,1,RPSs,0,MI,bat,normal,RPSs,0
578,2016,Kolkata,KKR,DD,1,KKR,0,KKR,field,normal,KKR,0
579,2016,Chandigarh,KXIP,KXIP,1,GL,0,GL,field,normal,GL,0
580,2016,Bangalore,RCB,RCB,1,SRH,0,SRH,field,normal,RCB,45
581,2016,Kolkata,KKR,KKR,1,MI,0,MI,field,normal,MI,0
582,2016,Rajkot,GL,RPSs,1,GL,0,RPSs,bat,normal,GL,0
583,2016,Delhi,DD,KXIP,1,DD,0,DD,field,normal,DD,0
584,2016,Hyderabad,SRH,SRH,1,KKR,0,SRH,bat,normal,KKR,0
585,2016,Mumbai,MI,MI,1,GL,0,GL,field,normal,GL,0
586,2016,Chandigarh,KXIP,RPSs,1,KXIP,0,RPSs,bat,normal,KXIP,0
587,2016,Bangalore,RCB,RCB,1,DD,0,DD,field,normal,DD,0
588,2016,Hyderabad,SRH,MI,1,SRH,0,SRH,field,normal,SRH,0
589,2016,Chandigarh,KXIP,KXIP,1,KKR,0,KKR,field,normal,KKR,0
590,2016,Mumbai,MI,RCB,1,MI,0,MI,field,normal,MI,0
591,2016,Rajkot,GL,GL,1,SRH,0,SRH,field,normal,SRH,0
592,2016,Pune,RPS,RCB,1,RPSs,0,RPSs,field,normal,RCB,13
593,2016,Delhi,DD,DD,1,MI,0,MI,field,normal,DD,10
594,2016,Hyderabad,SRH,KXIP,1,SRH,0,SRH,field,normal,SRH,0
595,2016,Rajkot,GL,RCB,1,GL,0,RCB,bat,normal,GL,0
596,2016,Pune,RPS,RPSs,1,KKR,0,KKR,field,normal,KKR,0
597,2016,Chandigarh,KXIP,MI,1,KXIP,0,KXIP,field,normal,MI,25
598,2016,Hyderabad,SRH,SRH,1,RPSs,0,RPSs,field,normal,RPSs,34
599,2016,Delhi,DD,GL,1,DD,0,DD,field,normal,GL,1
600,2016,Mumbai,MI,KKR,1,MI,0,MI,field,normal,MI,0
601,2016,Pune,RPS,RPSs,1,GL,0,GL,field,normal,GL,0
602,2016,Delhi,DD,DD,1,KKR,0,KKR,field,normal,DD,27
603,2016,Hyderabad,SRH,SRH,1,RCB,0,RCB,field,normal,SRH,15
604,2016,Rajkot,GL,KXIP,1,GL,0,GL,field,normal,KXIP,23
605,2016,Pune,RPS,RPSs,1,MI,0,MI,field,normal,MI,0
606,2016,Bangalore,RCB,RCB,1,KKR,0,KKR,field,normal,KKR,0
607,2016,Rajkot,GL,GL,1,DD,0,DD,field,normal,DD,0
608,2016,Kolkata,KKR,KKR,1,KXIP,0,KXIP,field,normal,KKR,7
609,2016,Delhi,DD,DD,1,RPSs,0,RPSs,field,normal,RPSs,0
610,2016,Hyderabad,SRH,GL,1,SRH,0,SRH,field,normal,SRH,0
611,2016,Bangalore,RCB,RPSs,1,RCB,0,RCB,field,normal,RCB,0
612,2016,Chandigarh,KXIP,KXIP,1,DD,0,DD,field,normal,KXIP,9
613,2016,Visakhapatnam,Visakhapatnam,SRH,1,MI,0,MI,field,normal,SRH,85
614,2016,Kolkata,KKR,KKR,1,GL,0,GL,field,normal,GL,0
615,2016,Chandigarh,KXIP,RCB,1,KXIP,0,KXIP,field,normal,RCB,1
616,2016,Visakhapatnam,Visakhapatnam,SRH,1,RPSs,0,SRH,bat,normal,SRH,4
617,2016,Bangalore,RCB,RCB,1,MI,0,MI,field,normal,MI,0
618,2016,Hyderabad,SRH,SRH,1,DD,0,DD,field,normal,DD,0
619,2016,Visakhapatnam,Visakhapatnam,MI,1,KXIP,0,MI,bat,normal,KXIP,0
620,2016,Bangalore,RCB,RCB,1,GL,0,GL,field,normal,RCB,144
621,2016,Kolkata,KKR,RPSs,1,KKR,0,RPSs,bat,normal,KKR,0
622,2016,Chandigarh,KXIP,KXIP,1,SRH,0,KXIP,bat,normal,SRH,0
623,2016,Visakhapatnam,Visakhapatnam,MI,1,DD,0,DD,field,normal,MI,80
624,2016,Kolkata,KKR,KKR,1,RCB,0,RCB,field,normal,RCB,0
625,2016,Visakhapatnam,Visakhapatnam,DD,1,RPSs,0,RPSs,field,normal,RPSs,19
626,2016,Bangalore,RCB,RCB,1,KXIP,0,KXIP,field,normal,RCB,82
627,2016,Kanpur,Kanpur,KKR,1,GL,0,GL,field,normal,GL,0
628,2016,Raipur,Raipur,SRH,1,DD,0,DD,field,normal,DD,0
629,2016,Visakhapatnam,Visakhapatnam,KXIP,1,RPSs,0,KXIP,bat,normal,RPSs,0
630,2016,Kanpur,Kanpur,MI,1,GL,0,GL,field,normal,GL,0
631,2016,Kolkata,KKR,KKR,1,SRH,0,SRH,field,normal,KKR,22
632,2016,Raipur,Raipur,DD,1,RCB,0,RCB,field,normal,RCB,0
633,2016,Bangalore,RCB,GL,1,RCB,0,RCB,field,normal,RCB,0
634,2016,Delhi,DD,SRH,1,KKR,0,KKR,field,normal,SRH,22
635,2016,Delhi,DD,GL,1,SRH,0,SRH,field,normal,SRH,0
636,2016,Bangalore,RCB,SRH,1,RCB,0,SRH,bat,normal,SRH,8
7894,2018,Mumbai,MI,MI,1,CSK,0,CSK,field,normal,CSK,0
7895,2018,Mohali,KXIP,DD,1,KXIP,0,KXIP,field,normal,KXIP,0
7896,2018,Kolkata,KKR,RCB,1,KKR,0,KKR,field,normal,KKR,0
7897,2018,Hyderabad,SRH,RR,1,SRH,0,SRH,field,normal,SRH,0
7898,2018,Chennai,CSK,KKR,1,CSK,0,CSK,field,normal,CSK,0
7899,2018,Jaipur,RR,RR,1,DD,0,DD,field,normal,RR,10
7900,2018,Hyderabad,SRH,MI,1,SRH,0,SRH,field,normal,SRH,0
7901,2018,Bengaluru,RCB,KXIP,1,RCB,0,RCB,field,normal,RCB,0
7902,2018,Mumbai,MI,MI,1,DD,0,DD,field,normal,DD,0
7903,2018,Kolkata,KKR,KKR,1,SRH,0,SRH,field,normal,SRH,0
7904,2018,Bengaluru,RCB,RR,1,RCB,0,RCB,field,normal,RR,19
7905,2018,Mohali,KXIP,KXIP,1,CSK,0,CSK,field,normal,KXIP,4
7906,2018,Kolkata,KKR,KKR,1,DD,0,DD,field,normal,KKR,71
7907,2018,Mumbai,MI,MI,1,RCB,0,RCB,field,normal,MI,46
7908,2018,Jaipur,RR,RR,1,KKR,0,KKR,field,normal,KKR,0
7909,2018,Mohali,KXIP,KXIP,1,SRH,0,KXIP,bat,normal,KXIP,15
7910,2018,Pune,RPS,CSK,1,RR,0,RR,field,normal,CSK,64
7911,2018,Kolkata,KKR,KKR,1,KXIP,0,KXIP,field,normal,KXIP,0
7912,2018,Bengaluru,RCB,DD,1,RCB,0,RCB,field,normal,RCB,0
7913,2018,Hyderabad,SRH,CSK,1,SRH,0,SRH,field,normal,CSK,4
7914,2018,Jaipur,RR,MI,1,RR,0,MI,bat,normal,RR,0
7915,2018,Delhi,DD,KXIP,1,DD,0,DD,field,normal,KXIP,4
7916,2018,Mumbai,MI,SRH,1,MI,0,MI,field,normal,SRH,31
7917,2018,Bengaluru,RCB,RCB,1,CSK,0,CSK,field,normal,CSK,0
7918,2018,Hyderabad,SRH,SRH,1,KXIP,0,KXIP,field,normal,SRH,13
7919,2018,Delhi,DD,DD,1,KKR,0,KKR,field,normal,DD,55
7920,2018,Pune,RPS,CSK,1,MI,0,MI,field,normal,MI,0
7921,2018,Jaipur,RR,SRH,1,RR,0,SRH,bat,normal,SRH,11
7922,2018,Bengaluru,RCB,RCB,1,KKR,0,KKR,field,normal,KKR,0
7923,2018,Pune,RPS,CSK,1,DD,0,DD,field,normal,CSK,13
7924,2018,Bengaluru,RCB,RCB,1,MI,0,MI,field,normal,RCB,14
7925,2018,Delhi,DD,DD,1,RR,0,RR,field,normal,DD,4
7926,2018,Kolkata,KKR,CSK,1,KKR,0,KKR,field,normal,KKR,0
7927,2018,Indore,Indore,KXIP,1,MI,0,MI,field,normal,MI,0
7928,2018,Pune,RPS,RCB,1,CSK,0,CSK,field,normal,CSK,0
7929,2018,Hyderabad,SRH,DD,1,SRH,0,DD,bat,normal,SRH,0
7930,2018,Mumbai,MI,MI,1,KKR,0,KKR,field,normal,MI,13
7931,2018,Indore,Indore,RR,1,KXIP,0,KXIP,field,normal,KXIP,0
7932,2018,Hyderabad,SRH,SRH,1,RCB,0,RCB,field,normal,SRH,5
7933,2018,Jaipur,RR,RR,1,KXIP,0,RR,bat,normal,RR,15
7934,2018,Kolkata,KKR,MI,1,KKR,0,KKR,field,normal,MI,102
7935,2018,Delhi,DD,DD,1,SRH,0,DD,bat,normal,SRH,0
7936,2018,Jaipur,RR,CSK,1,RR,0,CSK,bat,normal,RR,0
7937,2018,Indore,Indore,KKR,1,KXIP,0,KXIP,field,normal,KKR,31
7938,2018,Delhi,DD,DD,1,RCB,0,RCB,field,normal,RCB,0
7939,2018,Pune,RPS,SRH,1,CSK,0,CSK,field,normal,CSK,0
7940,2018,Mumbai,MI,MI,1,RR,0,RR,field,normal,RR,0
7941,2018,Indore,Indore,KXIP,1,RCB,0,RCB,field,normal,RCB,0
7942,2018,Kolkata,KKR,RR,1,KKR,0,KKR,field,normal,KKR,0
7943,2018,Mumbai,MI,MI,1,KXIP,0,KXIP,field,normal,MI,3
7944,2018,Bengaluru,RCB,RCB,1,SRH,0,SRH,field,normal,RCB,14
7945,2018,Delhi,DD,DD,1,CSK,0,CSK,field,normal,DD,34
7946,2018,Jaipur,RR,RR,1,RCB,0,RR,bat,normal,RR,30
7947,2018,Hyderabad,SRH,SRH,1,KKR,0,SRH,bat,normal,KKR,0
7948,2018,Delhi,DD,DD,1,MI,0,DD,bat,normal,DD,11
7949,2018,Pune,RPS,KXIP,1,CSK,0,CSK,field,normal,CSK,0
7950,2018,Mumbai,MI,SRH,1,CSK,0,CSK,field,normal,CSK,0
7951,2018,Kolkata,KKR,KKR,1,RR,0,RR,field,normal,KKR,25
7952,2018,Kolkata,KKR,SRH,1,KKR,0,KKR,field,normal,SRH,14
7953,2018,Mumbai,MI,SRH,1,CSK,0,CSK,field,normal,CSK,0
11137,2019,Chennai,CSK,RCB,1,CSK,0,CSK,field,normal,CSK,0
11138,2019,Kolkata,KKR,SRH,1,KKR,0,KKR,field,normal,KKR,0
11139,2019,Mumbai,MI,DD,1,MI,0,MI,field,normal,DD,37
11140,2019,Jaipur,RR,KXIP,1,RR,0,RR,field,normal,KXIP,14
11141,2019,Delhi,DD,DD,1,CSK,0,DD,bat,normal,CSK,0
11142,2019,Kolkata,KKR,KKR,1,KXIP,0,KXIP,field,normal,KKR,28
11143,2019,Bengaluru,RCB,MI,1,RCB,0,RCB,field,normal,MI,6
11144,2019,Hyderabad,SRH,RR,1,SRH,0,RR,bat,normal,SRH,0
11145,2019,Mohali,KXIP,MI,1,KXIP,0,KXIP,field,normal,KXIP,0
11146,2019,Delhi,DD,KKR,1,DD,0,DD,field,tie,DD,0
11147,2019,Hyderabad,SRH,SRH,1,RCB,0,RCB,field,normal,SRH,118
11148,2019,Chennai,CSK,CSK,1,RR,0,RR,field,normal,CSK,8
11149,2019,Mohali,KXIP,KXIP,1,DD,0,DD,field,normal,KXIP,14
11150,2019,Jaipur,RR,RCB,1,RR,0,RR,field,normal,RR,0
11151,2019,Mumbai,MI,MI,1,CSK,0,CSK,field,normal,MI,37
11152,2019,Delhi,DD,DD,1,SRH,0,SRH,field,normal,SRH,0
11153,2019,Bengaluru,RCB,RCB,1,KKR,0,KKR,field,normal,KKR,0
11309,2019,Chennai,CSK,CSK,1,KXIP,0,CSK,bat,normal,CSK,22
11310,2019,Hyderabad,SRH,MI,1,SRH,0,SRH,field,normal,MI,40
11311,2019,Bengaluru,RCB,RCB,1,DD,0,DD,field,normal,DD,0
11312,2019,Jaipur,RR,RR,1,KKR,0,KKR,field,normal,KKR,0
11313,2019,Mohali,KXIP,SRH,1,KXIP,0,KXIP,field,normal,KXIP,0
11314,2019,Chennai,CSK,KKR,1,CSK,0,CSK,field,normal,CSK,0
11315,2019,Mumbai,MI,KXIP,1,MI,0,MI,field,normal,MI,0
11316,2019,Jaipur,RR,RR,1,CSK,0,CSK,field,normal,CSK,0
11317,2019,Kolkata,KKR,KKR,1,DD,0,DD,field,normal,DD,0
11318,2019,Mumbai,MI,MI,1,RR,0,RR,field,normal,RR,0
11319,2019,Mohali,KXIP,KXIP,1,RCB,0,RCB,field,normal,RCB,0
11320,2019,Kolkata,KKR,KKR,1,CSK,0,CSK,field,normal,CSK,0
11321,2019,Hyderabad,SRH,DD,1,SRH,0,SRH,field,normal,DD,39
11322,2019,Mumbai,MI,RCB,1,MI,0,MI,field,normal,MI,0
11323,2019,Mohali,KXIP,KXIP,1,RR,0,RR,field,normal,KXIP,12
11324,2019,Hyderabad,SRH,CSK,1,SRH,0,CSK,bat,normal,SRH,0
11325,2019,Delhi,DD,MI,1,DD,0,MI,bat,normal,MI,40
11326,2019,Kolkata,KKR,RCB,1,KKR,0,KKR,field,normal,RCB,10
11327,2019,Jaipur,RR,MI,1,RR,0,RR,field,normal,RR,0
11328,2019,Delhi,DD,KXIP,1,DD,0,DD,field,normal,DD,0
11329,2019,Hyderabad,SRH,KKR,1,SRH,0,SRH,field,normal,SRH,0
11330,2019,Bengaluru,RCB,RCB,1,CSK,0,CSK,field,normal,RCB,1
11331,2019,Jaipur,RR,RR,1,DD,0,DD,field,normal,DD,0
11332,2019,Chennai,CSK,SRH,1,CSK,0,CSK,field,normal,CSK,0
11333,2019,Bengaluru,RCB,RCB,1,KXIP,0,KXIP,field,normal,RCB,17
11334,2019,Kolkata,KKR,KKR,1,RR,0,RR,field,normal,RR,0
11335,2019,Chennai,CSK,MI,1,CSK,0,CSK,field,normal,MI,46
11336,2019,Jaipur,RR,SRH,1,RR,0,RR,field,normal,RR,0
11337,2019,Delhi,DD,DD,1,RCB,0,DD,bat,normal,DD,16
11338,2019,Kolkata,KKR,KKR,1,MI,0,MI,field,normal,KKR,34
11339,2019,Hyderabad,SRH,SRH,1,KXIP,0,KXIP,field,normal,SRH,45
11340,2019,Bengaluru,RCB,RCB,1,RR,0,RR,field,no result,,0
11341,2019,Chennai,CSK,CSK,1,DD,0,DD,field,normal,CSK,80
11342,2019,Mumbai,MI,MI,1,SRH,0,MI,bat,tie,MI,0
11343,2019,Mohali,KXIP,KXIP,1,KKR,0,KKR,field,normal,KKR,0
11344,2019,Delhi,DD,RR,1,DD,0,RR,bat,normal,DD,0
11345,2019,Bengaluru,RCB,SRH,1,RCB,0,RCB,field,normal,RCB,0
11346,2019,Mohali,KXIP,CSK,1,KXIP,0,KXIP,field,normal,KXIP,0
11347,2019,Mumbai,MI,KKR,1,MI,0,MI,field,normal,MI,0
11412,2019,Chennai,CSK,CSK,1,MI,0,CSK,bat,normal,MI,0
11413,2019,Visakhapatnam,Visakhapatnam,SRH,1,DD,0,DD,field,normal,DD,0
11414,2019,Visakhapatnam,Visakhapatnam,DD,1,CSK,0,CSK,field,normal,CSK,0
11415,2019,Hyderabad,SRH,MI,1,CSK,0,MI,bat,normal,MI,1
